SNP	BP	GWAS_P	eQTL_P
rs1002428	44534887	0.4392	NA
rs1003083	43858978	0.109	NA
rs1003851	44782265	0.9182	NA
rs1004529	44452318	0.0002612	NA
rs1005272	44441152	0.6296	NA
rs1006291	44006594	0.3044	NA
rs1007863	44395451	2.162e-31	NA
rs1010022	44336310	1.413e-57	NA
rs1010023	44336098	1.411e-57	NA
rs1013037	44123274	0.5873	NA
rs1013038	44123502	0.4217	NA
rs1013039	44123517	0.9653	NA
rs1014208	44070530	0.4582	NA
rs1018419	44499089	0.6833	NA
rs1018795	44429762	0.07807	NA
rs1018798	44430914	0.2286	NA
rs1024333	44790437	0.2356	NA
rs1024334	44791538	0.5157	NA
rs1034423	44087274	0.4701	NA
rs1041886	44771618	0.8101	NA
rs1041887	44771763	0.4384	NA
rs1041890	44779501	0.5977	NA
rs10427590	44282860	0.04169	NA
rs10427890	44282956	0.1685	NA
rs10428037	44285312	0.04236	NA
rs10428052	44563539	0.1143	NA
rs1043669	44640134	0.2835	NA
rs10439932	44680678	0.8968	NA
rs10483219	44128975	0.7818	NA
rs10483220	44141273	0.1008	NA
rs10483221	44428546	0.07656	NA
rs10483222	44548944	0.008423	NA
rs105515	44019091	0.5649	NA
rs10574599	44020996	0.7222	NA
rs10656207	44387931	6.535e-29	NA
rs10714888	44414783	0.718	NA
rs10775786	44740724	0.6512	NA
rs10854823	44755650	0.3749	NA
rs110618	44022578	0.3937	NA
rs11090603	44065526	0.3297	NA
rs11090604	43920111	0.8854	NA
rs11090606	44129651	0.08861	NA
rs11090607	44136057	0.1572	NA
rs11090611	44281073	0.02481	NA
rs11090613	44292978	0.4071	NA
rs11090614	44300847	0.01907	NA
rs11090616	44314598	0.003083	NA
rs11090617	44326700	2.03e-62	1.1e-14
rs11090617	44326700	2.03e-62	1.4e-09
rs11090617	44326700	2.03e-62	2.5e-08
rs11090617	44326700	2.03e-62	7.5e-08
rs11090617	44326700	2.03e-62	9.7e-08
rs11090617	44326700	2.03e-62	1.7e-07
rs11090620	44375742	5.717e-23	NA
rs11090622	44460147	0.07779	NA
rs11090623	43964926	0.0478	NA
rs11090626	44639900	0.5492	NA
rs11090666	44755500	0.07784	NA
rs11090668	44755709	0.3451	NA
rs11090678	44762981	0.1374	NA
rs11090685	44767979	0.8222	NA
rs11090691	44734205	0.5994	NA
rs11090718	44740406	0.5949	NA
rs11090720	44740527	0.883	NA
rs11090722	44740579	0.3985	NA
rs111165944	43881165	0.2148	NA
rs111174417	44730492	0.6879	NA
rs111213357	44719034	0.9427	NA
rs111220617	44731003	0.9803	NA
rs111265596	43962549	0.9815	NA
rs111295128	44796941	0.5142	NA
rs111363655	44054066	0.1878	NA
rs111373166	44668750	0.1717	NA
rs111393709	44329719	6.399e-15	NA
rs111532019	44204256	0.9836	NA
rs111554526	44739592	0.1873	NA
rs111645966	44730237	0.1231	NA
rs111678944	44408814	0.0705	NA
rs111763872	43874737	0.5981	NA
rs111779567	44785617	0.7723	NA
rs111790419	44163537	0.3491	NA
rs111807489	44674042	0.4222	NA
rs111814782	44718819	0.8539	NA
rs111826791	44420502	0.9242	NA
rs111863470	44062415	0.06321	NA
rs111870772	44555464	0.7469	NA
rs111891762	44145416	0.1201	NA
rs111901729	44519337	0.3546	NA
rs111953042	44180613	0.708	NA
rs112003596	44741342	0.192	NA
rs112030138	44125815	0.1775	NA
rs112035174	43897433	0.6061	NA
rs112067135	44511918	0.7817	NA
rs112113165	44177320	0.2054	NA
rs112151230	44664764	0.903	NA
rs112201339	44371571	0.139	NA
rs112253393	44149747	0.195	NA
rs1122689	44674481	0.2994	NA
rs112298976	44742531	0.6448	NA
rs112336170	44098983	0.1877	NA
rs112337609	44363828	0.7911	NA
rs112349986	44177639	0.8996	NA
rs112374923	44073254	0.5356	NA
rs112375575	44555698	0.8398	NA
rs112385337	44420498	0.1895	NA
rs112391595	44300296	0.005177	NA
rs112393576	43924117	0.132	NA
rs112409733	44201961	0.8869	NA
rs112437037	43852640	0.1708	NA
rs112443612	44758515	0.9192	NA
rs112456964	43882302	0.7875	NA
rs112460413	44044773	0.1406	NA
rs112483361	44102400	0.2196	NA
rs112492275	44170865	0.1346	NA
rs112497718	44227025	0.02001	NA
rs112540522	44718343	0.04165	NA
rs112558301	44516989	0.9362	NA
rs112577062	44241389	0.02642	NA
rs112595775	43834339	0.17	NA
rs112701173	44117821	0.1141	NA
rs112720367	44745159	0.3981	NA
rs112768183	44166037	0.6469	NA
rs1127721	44567854	0.2691	NA
rs112786351	44007358	0.1755	NA
rs112790534	43960363	0.3618	NA
rs112800788	43974966	0.257	NA
rs112801648	44366961	0.01418	NA
rs112802150	44273368	0.2478	NA
rs112809767	44187779	0.8899	NA
rs112831059	44783675	0.4548	NA
rs112853249	44664229	0.1384	NA
rs112871045	43880984	0.8472	NA
rs112872743	44461731	0.2574	NA
rs112900724	44761884	0.4825	NA
rs112902984	44385583	2.21e-09	NA
rs112906674	44504197	0.7998	NA
rs112924720	44250953	0.06785	NA
rs112944725	43866987	0.6371	NA
rs112944800	44457259	0.5746	NA
rs11296449	44454861	0.194	NA
rs112995058	44069609	0.08382	NA
rs113023941	44305615	0.1673	NA
rs1130274	44710758	0.7089	NA
rs113050020	44696721	0.1228	NA
rs113070398	44421861	0.04294	NA
rs113070595	44529936	0.7837	NA
rs113078976	44703893	0.7239	NA
rs113112852	44732422	0.145	NA
rs113131777	44097960	0.9925	NA
rs113135690	44722542	0.06571	NA
rs113145483	44137717	0.09808	NA
rs113165928	44125673	0.4981	NA
rs113167897	44212454	0.1903	NA
rs113178759	44131390	0.1488	NA
rs113225827	44239191	0.6513	NA
rs113232378	44073363	0.166	NA
rs113316245	43975016	0.7995	NA
rs113323576	44231323	0.02883	NA
rs11333628	43960181	0.1569	NA
rs1133428	44606259	0.4622	NA
rs113375670	44198146	0.8276	NA
rs113397233	44095137	0.2373	NA
rs113406308	44096340	0.1697	NA
rs113408051	44239057	0.02486	NA
rs113410479	44169695	0.9438	NA
rs113414858	44343542	0.6302	NA
rs113446265	44764265	0.7617	NA
rs11346411	43879475	0.1115	NA
rs113478583	44062839	0.2273	NA
rs113509766	44419039	0.063	NA
rs113510425	43846771	0.9158	NA
rs113513815	43911316	0.1033	NA
rs113514491	44049970	0.07652	NA
rs11353013	44495399	0.7584	NA
rs11353275	44108670	0.5167	NA
rs113551077	43883939	0.6545	NA
rs113590975	44000083	0.5318	NA
rs113591854	44299066	0.003984	NA
rs113605266	44677783	0.7089	NA
rs113648748	44254103	0.05992	NA
rs113661034	44561914	0.7848	NA
rs113677216	44363465	0.4559	NA
rs113703521	43873824	0.3336	NA
rs113707697	44233044	0.06142	NA
rs113718202	43908075	0.2134	NA
rs113728836	44542123	0.5037	NA
rs113732475	44524739	0.1451	NA
rs113750574	44117181	0.1883	NA
rs113799164	44458277	0.1023	NA
rs113805697	44713189	0.7319	NA
rs11382190	44678359	0.004079	NA
rs113870793	44661641	0.1639	NA
rs113946784	44164572	0.4903	NA
rs11404935	44592485	0.05399	NA
rs114156167	44665898	0.7168	NA
rs114193356	44807912	0.8027	NA
rs11419537	44153999	0.8418	NA
rs11423062	43846622	0.1754	NA
rs11423068	44569419	0.2091	NA
rs114349268	43898958	0.5972	NA
rs114431778	44464387	0.004984	NA
rs11447964	44346662	0.01165	NA
rs114629314	44812761	0.3132	NA
rs114704228	44412635	0.3363	NA
rs114723531	44787492	0.7062	NA
rs114731212	44736823	0.8861	NA
rs114813597	44416273	0.3092	NA
rs115008857	44757918	0.3007	NA
rs115020852	44826561	0.9233	NA
rs115029252	44735719	0.8907	NA
rs115299274	44736270	0.8856	NA
rs115448159	44147933	0.1016	NA
rs115582308	44147931	0.09199	NA
rs115638616	44083002	0.5451	NA
